{"text_only_f1":1,"_wandb":{"runtime":135},"_timestamp":1.748246119012981e+09,"_step":2,"ablation_results":{"width":1200,"height":800,"_type":"image-file","sha256":"4816da85b038a0e3a641a6e8b6d94af006af8f23858ac95c3b207943214d5f33","size":27259,"path":"media/images/ablation_results_2_4816da85b038a0e3a641.png","format":"png"},"structured_only_num_modalities":1,"structured_only_f1":1,"text_only_num_modalities":1,"_runtime":135.516131}