{"_runtime":417.313786,"_step":1,"ablation_results":{"sha256":"86459c9930b924f6ab0cc1518c31a56d9e8a764daa57db40a5955950880bf98d","size":47232,"path":"media/images/ablation_results_1_86459c9930b924f6ab0c.png","format":"png","width":1200,"height":800,"_type":"image-file"},"_wandb":{"runtime":417},"behavior_structured_f1":1,"behavior_structured_num_modalities":2,"_timestamp":1.7482361311318169e+09}