{"_runtime":246.157326,"ablation_results":{"size":37686,"path":"media/images/ablation_results_2_67b4f6ed9447cb039987.png","format":"png","width":1200,"height":800,"_type":"image-file","sha256":"67b4f6ed9447cb039987e79f83bcc3240061afe773940768e9f3c6d376096417"},"_wandb":{"runtime":246},"behavior_structured_f1":1,"behavior_text_f1":1,"_timestamp":1.748246676073329e+09,"behavior_structured_num_modalities":2,"_step":2,"behavior_text_num_modalities":2}