{"param_learning_rate":2.6702591878123264e-05,"_wandb":{"runtime":1244},"_step":20,"param_hidden_dim":128,"total_trials":20,"trial_number":19,"param_num_layers":3,"param_dropout":0.2922013903955301,"param_num_heads":8,"_runtime":1244.906563,"param_weight_decay":1.173413171500318e-05,"objective_value":1,"_timestamp":1.748235414950207e+09,"best_hyperopt_score":1,"param_batch_size":16}