{"_runtime":74.383479,"_step":1,"all_modalities_f1":1,"ablation_results":{"format":"png","width":1200,"height":800,"_type":"image-file","sha256":"613e13f54480ba7bab9d74ce684510fb1457924c4873e5b2b161dca58aff6736","size":24386,"path":"media/images/ablation_results_1_613e13f54480ba7bab9d.png"},"_wandb":{"runtime":74},"all_modalities_num_modalities":4,"_timestamp":1.7482482603370109e+09}